{
  "perf-stat.time": [
    1.03427722,
    2.044087203,
    3.047707476,
    4.05148506,
    5.055346736,
    6.058994998,
    7.062622809,
    8.066384136,
    9.070191694,
    10.073815718,
    11.07752603,
    12.081360434,
    13.085037625,
    14.08871562,
    15.092449234,
    16.096225996,
    17.099880176,
    18.103666923,
    19.107402807,
    20.111138625,
    21.114831774,
    22.118511977,
    23.122367545,
    24.126124381,
    25.129878252,
    26.133602226,
    27.137326244,
    28.140922608,
    29.144617856,
    30.148398016,
    31.152065213,
    32.155769723,
    33.188443952,
    34.223352755
  ],
  "perf-stat.i.cpu-cycles": [
    9336710351.21512,
    7295841950.494958,
    189259127506.68405,
    243904308592.33047,
    244304253844.2319,
    244370360321.5126,
    244337784737.81268,
    244297945895.0603,
    244297115361.03015,
    244380366232.64398,
    244318381635.79636,
    244291892744.2935,
    244358884379.58945,
    244336793751.26672,
    244318585503.70325,
    244288857331.6063,
    244335364394.1387,
    244256583083.77737,
    244288423603.87283,
    244285493682.562,
    244289709094.14865,
    244271317582.2195,
    244251416164.8803,
    244294482649.97897,
    244294496927.52402,
    244268680225.8248,
    244335469245.4914,
    244373832298.97797,
    244315205136.84854,
    244318594077.41196,
    244368587148.3158,
    244336837707.3451,
    32959435604.35259,
    10776459453.886774
  ],
  "mpstat.time": [
    1556441558,
    1556441559,
    1556441560,
    1556441561,
    1556441562,
    1556441563,
    1556441564,
    1556441565,
    1556441566,
    1556441567,
    1556441568,
    1556441569,
    1556441570,
    1556441571,
    1556441572,
    1556441573,
    1556441574,
    1556441575,
    1556441576,
    1556441577,
    1556441578,
    1556441579,
    1556441580,
    1556441581,
    1556441582,
    1556441583,
    1556441584,
    1556441585,
    1556441586,
    1556441587,
    1556441588,
    1556441589,
    1556441590,
    1556441591,
    1556441592,
    1556441593
  ],
  "mpstat.cpu.all.usr%": [
    1.32,
    0.36,
    30.17,
    99.47,
    99.99,
    99.95,
    99.99,
    99.98,
    99.99,
    99.99,
    99.93,
    99.98,
    99.98,
    99.98,
    99.99,
    99.97,
    99.91,
    99.93,
    100.0,
    99.95,
    99.95,
    99.99,
    99.98,
    100.0,
    99.97,
    99.91,
    99.92,
    99.98,
    99.84,
    99.95,
    99.99,
    99.98,
    68.97,
    0.11,
    0.11,
    0.15
  ],
  "mpstat.cpu.all.sys%": [
    1.22,
    0.43,
    0.29,
    0.4,
    0.01,
    0.05,
    0.01,
    0.02,
    0.01,
    0.01,
    0.07,
    0.02,
    0.02,
    0.02,
    0.01,
    0.03,
    0.08,
    0.07,
    0.0,
    0.05,
    0.05,
    0.01,
    0.02,
    0.0,
    0.03,
    0.09,
    0.08,
    0.02,
    0.16,
    0.05,
    0.01,
    0.02,
    0.13,
    0.34,
    0.34,
    0.34
  ]
}