{
  "perf-stat.i.cpu-cycles": 185711494284.48578,
  "mpstat.cpu.all.usr%": 73.12100000000001,
  "mpstat.cpu.all.sys%": 0.24499999999999988
}