{
  "perf-stat.i.cpu-cycles": 214649334466.65125,
  "mpstat.cpu.all.usr%": 79.3,
  "mpstat.cpu.all.sys%": 0.10562500000000002
}