{
  "perf-stat.time": [
    1.03427722,
    2.044087203,
    3.047707476,
    4.05148506,
    5.055346736,
    6.058994998,
    7.062622809,
    8.066384136,
    9.070191694,
    10.073815718,
    11.07752603,
    12.081360434,
    13.085037625,
    14.08871562,
    15.092449234,
    16.096225996,
    17.099880176,
    18.103666923,
    19.107402807,
    20.111138625,
    21.114831774,
    22.118511977,
    23.122367545,
    24.126124381,
    25.129878252,
    26.133602226,
    27.137326244,
    28.140922608,
    29.144617856,
    30.148398016,
    31.152065213,
    32.155769723,
    33.188443952,
    34.223352755
  ],
  "perf-stat.i.cpu-cycles": [
    9336710351.21512,
    7295841950.494958,
    189259127506.68405,
    243904308592.33047,
    244304253844.2319,
    244370360321.5126,
    244337784737.81268,
    244297945895.0603,
    244297115361.03015,
    244380366232.64398,
    244318381635.79636,
    244291892744.2935,
    244358884379.58945,
    244336793751.26672,
    244318585503.70325,
    244288857331.6063,
    244335364394.1387,
    244256583083.77737,
    244288423603.87283,
    244285493682.562,
    244289709094.14865,
    244271317582.2195,
    244251416164.8803,
    244294482649.97897,
    244294496927.52402,
    244268680225.8248,
    244335469245.4914,
    244373832298.97797,
    244315205136.84854,
    244318594077.41196,
    244368587148.3158,
    244336837707.3451,
    32959435604.35259,
    10776459453.886774
  ]
}